{
  "model_version": "v1.2",
  "horizons_min": [
    0
  ],
  "model_family": "cnn_lstm_attn",
  "feature_engineered": true,
  "sequence_length": 24,
  "n_features": 45,
  "training_date": "2025-11-04T06:15:24.436751",
  "expected_occupancy_range": {
    "min": 0,
    "max": 23,
    "mean": 0
  },
  "performance": {
    "r2": 0.12686486756068216,
    "rmse": 3.712178233752612,
    "mse": 13.780267239146662
  }
}