{
  "model_version": "v1.2",
  "horizons_min": [
    0
  ],
  "model_family": "cnn_lstm_attn",
  "feature_engineered": true,
  "sequence_length": 24,
  "n_features": 45,
  "training_date": "2025-11-04T06:15:58.220227",
  "expected_occupancy_range": {
    "min": 0,
    "max": 20,
    "mean": 1
  },
  "performance": {
    "r2": 0.5051933561776314,
    "rmse": 3.492889183175177,
    "mse": 12.200274845942157
  }
}