{
  "model_version": "v1.2",
  "horizons_min": [
    0
  ],
  "model_family": "cnn_lstm_attn",
  "feature_engineered": true,
  "sequence_length": 24,
  "n_features": 45,
  "training_date": "2025-11-04T06:14:54.835095",
  "expected_occupancy_range": {
    "min": 0,
    "max": 31,
    "mean": 1
  },
  "performance": {
    "r2": -0.06667121836676837,
    "rmse": 3.953694264257761,
    "mse": 15.631698335224717
  }
}